dLat,dLng,elev
39.7391536,-104.9847034,1608.637939453125
